Model,Accuracy,F1-score,Precision,Recall,ROC AUC
DistilBERT (Baseline),0.829,0.827,0.838,0.816,0.899
ModernBERT (Fine-tuned),0.7377333333333334,0.7377329556687895,0.7377347026852208,0.7377333333333334,0.7980433066666667
