fpr,tpr,thresholds
0.0,0.0,inf
0.26106666666666667,0.7365333333333334,1.0
1.0,1.0,0.0
