Model,Accuracy,F1-score,Precision,Recall,ROC AUC
DistilBERT (Baseline),0.829,0.827,0.838,0.816,0.899
ModernBERT (Fine-tuned),0.7721666666666667,0.7721664537688752,0.7721676839689877,0.7721666666666667,0.8391648622222222
